,tipo,url,orientador,avaliador1,avaliador2,avaliador3,avaliador4,orientador_filiação,row_idx,avaliador2_filiação,avaliador1_nome,avaliador1_país,avaliador2_nome,avaliador2_país,avaliador2_keyword_1,orientador_nome,orientador_país,avaliador1_filiação,orientador_keyword_1,avaliador1_keyword_1,avaliador1_keyword_2,avaliador1_keyword_3,avaliador1_keyword_4,avaliador2_keyword_2,avaliador2_keyword_3,avaliador2_keyword_4,avaliador2_keyword_5,orientador_keyword_2,orientador_keyword_3,orientador_keyword_4,orientador_keyword_5,avaliador3_filiação,avaliador4_filiação,avaliador4_nome,avaliador4_país,avaliador3_nome,avaliador3_país,avaliador1_keyword_5,avaliador1_keyword_6,avaliador2_keyword_6,avaliador2_keyword_7,avaliador2_keyword_8,avaliador4_keyword_1,avaliador4_keyword_2,avaliador4_keyword_3,avaliador4_keyword_4,avaliador3_keyword_1,avaliador3_keyword_2,avaliador3_keyword_3,avaliador3_keyword_4,avaliador3_keyword_5
0,MESTRADO,https://repositorio.unicamp.br/acervo/detalhe/867060?guid=1652465914739&returnUrl=%2fresultado%2flistar%3fguid%3d1652465914739%26quantidadePaginas%3d1%26codigoRegistro%3d867060%23867060&i=1,orcid.org/0000-0001-7878-4990,orcid.org/0000-0003-4804-5788,orcid.org/0000-0003-2608-4807,,,State University of Campinas,0,Universidade Estadual de Campinas,Carlos Ferreira,no info,Guilherme P. Telles,Brazil,,Joao Meidanis,no info,University of São Paulo,,,,,,,,,,,,,,,,,,,,,,,,,,,,,,,,,
1,MESTRADO,https://repositorio.unicamp.br/acervo/detalhe/855492?guid=1652466058005&returnUrl=%2fresultado%2flistar%3fguid%3d1652466058005%26quantidadePaginas%3d1%26codigoRegistro%3d855492%23855492&i=2,orcid.org/0000-0001-8309-6367,orcid.org/0000-0002-3159-4839,orcid.org/0000-0003-2111-1319,,,Universidade Estadual de Campinas,1,University of São Paulo,Jorge Stolfi,no info,"Pardo, T.A.S.",Brazil,,Ariadne Carvalho,no info,State University of Campinas,,,,,,,,,,,,,,,,,,,,,,,,,,,,,,,,,
2,MESTRADO,https://repositorio.unicamp.br/acervo/detalhe/854808?guid=1652466127680&returnUrl=%2fresultado%2flistar%3fguid%3d1652466127680%26quantidadePaginas%3d1%26codigoRegistro%3d854808%23854808&i=1,orcid.org/0000-0001-9772-263X,orcid.org/0000-0002-2075-3363,orcid.org/0000-0002-6023-5982,,,Universidade Estadual de Campinas,2,University of Campinas,Marcos André Gonçalves,no info,Islene Calciolari Garcia,no info,,Ricardo Torres,Netherlands,Universidade Federal de Minas Gerais,multimedia retrieval,,,,,,,,,multimedia classification,machine learning,information visualization,data science,,,,,,,,,,,,,,,,,,,,
3,MESTRADO,https://repositorio.unicamp.br/acervo/detalhe/909776?guid=1652466165477&returnUrl=%2fresultado%2flistar%3fguid%3d1652466165477%26quantidadePaginas%3d1%26codigoRegistro%3d909776%23909776&i=1,orcid.org/0000-0001-5685-8004,sem orcid,orcid.org/0000-0001-8309-6367,,,no info,3,Universidade Estadual de Campinas,sem orcid,sem orcid,Ariadne Carvalho,no info,,Siome Goldenstein,no info,sem orcid,,,,,,,,,,,,,,,,,,,,,,,,,,,,,,,,,
4,MESTRADO,https://repositorio.unicamp.br/acervo/detalhe/866199?guid=1652466216774&returnUrl=%2fresultado%2flistar%3fguid%3d1652466216774%26quantidadePaginas%3d1%26codigoRegistro%3d866199%23866199&i=2,orcid.org/0000-0003-0125-630X,orcid.org/0000-0002-6494-7514,orcid.org/0000-0002-4236-8212,,,University of Campinas,4,Universidade Estadual de Campinas,João Paulo Papa,no info,Anderson Rocha,Brazil,Machine Intelligence; Digital Forensics; Reasoning for Complex Data,Helio Pedrini,Brazil,no info,image and video processing; machine learning; computer vision,machine learning, image processing, computervision, meta-heuristics,,,,,,,,,,,,,,,,,,,,,,,,,,,,
5,MESTRADO,https://repositorio.unicamp.br/acervo/detalhe/866194?guid=1652466377909&returnUrl=%2fresultado%2flistar%3fguid%3d1652466377909%26quantidadePaginas%3d1%26codigoRegistro%3d866194%23866194&i=1,orcid.org/0000-0001-5201-1244,sem orcid,orcid.org/0000-0001-8309-6367,,,no info,5,Universidade Estadual de Campinas,sem orcid,sem orcid,Ariadne Carvalho,no info,,Jacques Wainer,Brazil,sem orcid,,,,,,,,,,,,,,,,,,,,,,,,,,,,,,,,,
6,MESTRADO,https://repositorio.unicamp.br/acervo/detalhe/875359?guid=1652466427736&returnUrl=%2fresultado%2flistar%3fguid%3d1652466427736%26quantidadePaginas%3d1%26codigoRegistro%3d875359%23875359&i=1,orcid.org/0000-0001-7878-4990,sem orcid,orcid.org/0000-0003-3333-6822,,,State University of Campinas,6,University of Campinas,sem orcid,sem orcid,Zanoni Dias,Brazil,,Joao Meidanis,no info,sem orcid,,,,,,,,,,,,,,,,,,,,,,,,,,,,,,,,,
7,MESTRADO,https://repositorio.unicamp.br/acervo/detalhe/866725?guid=1652466519805&returnUrl=%2fresultado%2flistar%3fguid%3d1652466519805%26quantidadePaginas%3d1%26codigoRegistro%3d866725%23866725&i=1,orcid.org/0000-0002-1756-4852,orcid.org/0000-0001-8264-5811,orcid.org/0000-0001-9772-263X,,,Universidade Estadual de Campinas,7,Universidade Estadual de Campinas,Maria da Graça Campos Pimentel,no info,Ricardo Torres,Netherlands,multimedia retrieval,André Santanchè,no info,Universidade de São Paulo,,,,,,multimedia classification,machine learning,information visualization,data science,,,,,,,,,,,,,,,,,,,,,,,,
8,MESTRADO,https://repositorio.unicamp.br/acervo/detalhe/867041?guid=1652466681594&returnUrl=%2fresultado%2flistar%3fguid%3d1652466681594%26quantidadePaginas%3d1%26codigoRegistro%3d867041%23867041&i=1,sem orcid,sem orcid,orcid.org/0000-0002-9539-6874,,,sem orcid,8,Universidade Estadual de Campinas,sem orcid,sem orcid,Sandro Rigo,Brazil,Computer Architecture,sem orcid,sem orcid,sem orcid,,,,,,Compilers,Code Optimization,High-Performance Computing,,,,,,,,,,,,,,,,,,,,,,,,,
9,MESTRADO,https://repositorio.unicamp.br/acervo/detalhe/869588?guid=1652467292928&returnUrl=%2fresultado%2flistar%3fguid%3d1652467292928%26quantidadePaginas%3d1%26codigoRegistro%3d869588%23869588&i=1,orcid.org/0000-0003-1908-4753,sem orcid,orcid.org/0000-0002-1756-4852,,,Universidade Estadual de Campinas Instituto de Computação,9,Universidade Estadual de Campinas,sem orcid,sem orcid,André Santanchè,no info,,Claudia Medeiros,Brazil,sem orcid,Scientific data management,,,,,,,,, Data interoperability, Open Science,,,,,,,,,,,,,,,,,,,,,,
10,MESTRADO,https://repositorio.unicamp.br/acervo/detalhe/919651?guid=1652467374144&returnUrl=%2fresultado%2flistar%3fguid%3d1652467374144%26quantidadePaginas%3d1%26codigoRegistro%3d919651%23919651&i=1,orcid.org/0000-0003-4290-6508,sem orcid,orcid.org/0000-0001-8309-6367,,,no info,10,Universidade Estadual de Campinas,sem orcid,sem orcid,Ariadne Carvalho,no info,,Eliane Martins,no info,sem orcid,,,,,,,,,,,,,,,,,,,,,,,,,,,,,,,,,
11,MESTRADO,https://repositorio.unicamp.br/acervo/detalhe/867009?guid=1652467497883&returnUrl=%2fresultado%2flistar%3fguid%3d1652467497883%26quantidadePaginas%3d1%26codigoRegistro%3d867009%23867009&i=7,orcid.org/0000-0002-5945-0845,orcid.org/0000-0003-4804-5788,orcid.org/0000-0002-9529-4253,,,Universidade Estadual de Campinas,11,University of Campinas,Carlos Ferreira,no info,Pedro J. de Rezende,no info,,Cid de Souza,Brazil,University of São Paulo,Integer Programming,,,,,,,,,Combinatorial Optimization,Algorithms (design and analysis),Operations Research,,,,,,,,,,,,,,,,,,,,,
12,MESTRADO,https://repositorio.unicamp.br/acervo/detalhe/895731?guid=1652467603635&returnUrl=%2fresultado%2flistar%3fguid%3d1652467603635%26quantidadePaginas%3d1%26codigoRegistro%3d895731%23895731&i=1,orcid.org/0000-0003-2046-602X,orcid.org/0000-0002-1180-2637,orcid.org/0000-0002-7561-5582,,,Universidade Estadual de Campinas,12,no info,Edmundo Madeira,no info,Luciano Gaspary,Brazil,,Nelson L. S. da Fonseca,no info,UNICAMP - University of Campinas,,,,,,,,,,,,,,,,,,,,,,,,,,,,,,,,,
13,MESTRADO,https://repositorio.unicamp.br/acervo/detalhe/875160?guid=1652468223760&returnUrl=%2fresultado%2flistar%3fguid%3d1652468223760%26quantidadePaginas%3d1%26codigoRegistro%3d875160%23875160&i=1,orcid.org/0000-0002-4236-8212,sem orcid,orcid.org/0000-0001-9772-263X,,,Universidade Estadual de Campinas,13,Universidade Estadual de Campinas,sem orcid,sem orcid,Ricardo Torres,Netherlands,multimedia retrieval,Anderson Rocha,Brazil,sem orcid,Machine Intelligence; Digital Forensics; Reasoning for Complex Data,,,,,multimedia classification,machine learning,information visualization,data science,,,,,,,,,,,,,,,,,,,,,,,,
14,MESTRADO,https://repositorio.unicamp.br/acervo/detalhe/879248?guid=1652468689144&returnUrl=%2fresultado%2flistar%3fguid%3d1652468689144%26quantidadePaginas%3d1%26codigoRegistro%3d879248%23879248&i=1,orcid.org/0000-0002-1180-2637,orcid.org/0000-0003-2162-6523,orcid.org/0000-0003-2046-602X,,,UNICAMP - University of Campinas,14,Universidade Estadual de Campinas,Eduardo Cerqueira,no info,Nelson L. S. da Fonseca,no info,,Edmundo Madeira,no info,no info,,,,,,,,,,,,,,,,,,,,,,,,,,,,,,,,,
15,MESTRADO,https://repositorio.unicamp.br/acervo/detalhe/911607?guid=1652469138257&returnUrl=%2fresultado%2flistar%3fguid%3d1652469138257%26quantidadePaginas%3d1%26codigoRegistro%3d911607%23911607&i=1,orcid.org/0000-0002-4236-8212,orcid.org/0000-0003-0125-630X,sem orcid,,,Universidade Estadual de Campinas,15,sem orcid,Helio Pedrini,Brazil,sem orcid,sem orcid,,Anderson Rocha,Brazil,University of Campinas,Machine Intelligence; Digital Forensics; Reasoning for Complex Data,image and video processing; machine learning; computer vision,,,,,,,,,,,,,,,,,,,,,,,,,,,,,,,
16,MESTRADO,https://repositorio.unicamp.br/acervo/detalhe/877881?guid=1652469197177&returnUrl=%2fresultado%2flistar%3fguid%3d1652469197177%26quantidadePaginas%3d1%26codigoRegistro%3d877881%23877881&i=1,orcid.org/0000-0003-4869-5190,orcid.org/0000-0003-1752-6255,orcid.org/0000-0002-8803-0401,,,Universidade Estadual de Campinas,16,UNICAMP,Mauricio Breternitz,no info,Rodolfo Azevedo,Brazil,,Guido Araujo,no info,Advanced Micro Devices,,,,,,,,,,,,,,,,,,,,,,,,,,,,,,,,,
17,MESTRADO,https://repositorio.unicamp.br/acervo/detalhe/900635?guid=1652469233967&returnUrl=%2fresultado%2flistar%3fguid%3d1652469233967%26quantidadePaginas%3d1%26codigoRegistro%3d900635%23900635&i=1,orcid.org/0000-0003-0125-630X,orcid.org/0000-0003-2059-9463,orcid.org/0000-0001-9772-263X,,,University of Campinas,17,Universidade Estadual de Campinas,Moacir Ponti,no info,Ricardo Torres,Netherlands,multimedia retrieval,Helio Pedrini,Brazil,Universidade de São Paulo,image and video processing; machine learning; computer vision,,,,,multimedia classification,machine learning,information visualization,data science,,,,,,,,,,,,,,,,,,,,,,,,
18,MESTRADO,https://repositorio.unicamp.br/acervo/detalhe/902622?guid=1652469274752&returnUrl=%2fresultado%2flistar%3fguid%3d1652469274752%26quantidadePaginas%3d1%26codigoRegistro%3d902622%23902622&i=1,orcid.org/0000-0001-5685-8004,orcid.org/0000-0002-7860-9575,orcid.org/0000-0001-5201-1244,,,no info,18,no info,Edleno Silva de Moura,no info,Jacques Wainer,Brazil,,Siome Goldenstein,no info,Universidade Federal do Amazonas,,,,,,,,,,,,,,,,,,,,,,,,,,,,,,,,,
19,MESTRADO,https://repositorio.unicamp.br/acervo/detalhe/903641?guid=1652469325719&returnUrl=%2fresultado%2flistar%3fguid%3d1652469325719%26quantidadePaginas%3d1%26codigoRegistro%3d903641%23903641&i=1,orcid.org/0000-0001-9772-263X,orcid.org/0000-0003-0804-1790,orcid.org/0000-0003-0683-7672,,,Universidade Estadual de Campinas,19,no info,Zenilton Patrocínio Jr,no info,Anamaria Gomide,no info,,Ricardo Torres,Netherlands,Pontifícia Universidade Católica de Minas Gerais,multimedia retrieval,,,,,,,,,multimedia classification,machine learning,information visualization,data science,,,,,,,,,,,,,,,,,,,,
20,MESTRADO,https://repositorio.unicamp.br/acervo/detalhe/899631?guid=1652469391661&returnUrl=%2fresultado%2flistar%3fguid%3d1652469391661%26quantidadePaginas%3d1%26codigoRegistro%3d899631%23899631&i=1,orcid.org/0000-0001-9772-263X,orcid.org/0000-0001-5295-3514,sem orcid,,,Universidade Estadual de Campinas,20,sem orcid,Luiz Camolesi Júnior,no info,sem orcid,sem orcid,,Ricardo Torres,Netherlands,Universidade Estadual de Campinas,multimedia retrieval,,,,,,,,,multimedia classification,machine learning,information visualization,data science,,,,,,,,,,,,,,,,,,,,
21,MESTRADO,https://repositorio.unicamp.br/acervo/detalhe/899670?guid=1652469429063&returnUrl=%2fresultado%2flistar%3fguid%3d1652469429063%26quantidadePaginas%3d1%26codigoRegistro%3d899670%23899670&i=1,orcid.org/0000-0002-1756-4852,sem orcid,orcid.org/0000-0002-4830-5298,,,Universidade Estadual de Campinas,21,Universidade Estadual de Campinas,sem orcid,sem orcid,Maria Cecilia Calani Baranauskas,Brazil,HCI,André Santanchè,no info,sem orcid,,,,,,Socially Aware Design,Organizational Semiotics,Participatory Design,,,,,,,,,,,,,,,,,,,,,,,,,
22,MESTRADO,https://repositorio.unicamp.br/acervo/detalhe/905908?guid=1652469491004&returnUrl=%2fresultado%2flistar%3fguid%3d1652469491004%26quantidadePaginas%3d1%26codigoRegistro%3d905908%23905908&i=1,orcid.org/0000-0002-7002-875X,orcid.org/0000-0001-9242-2806,orcid.org/0000-0002-6731-1482,,,University of Campinas,22,no info,Routo Terada,Brazil,Julio Cesar Lopez Hernandez,Mexico,,Ricardo Dahab,Brazil,Universidade de São Paulo,Cryptography,Cryptography,,,,,,,, Graph Theory,,,,,,,,,,,,,,,,,,,,,,,
23,MESTRADO,https://repositorio.unicamp.br/acervo/detalhe/895763?guid=1652469644342&returnUrl=%2fresultado%2flistar%3fguid%3d1652469644342%26quantidadePaginas%3d1%26codigoRegistro%3d895763%23895763&i=1,orcid.org/0000-0002-1180-2637,sem orcid,orcid.org/0000-0003-2046-602X,,,UNICAMP - University of Campinas,23,Universidade Estadual de Campinas,sem orcid,sem orcid,Nelson L. S. da Fonseca,no info,,Edmundo Madeira,no info,sem orcid,,,,,,,,,,,,,,,,,,,,,,,,,,,,,,,,,
24,MESTRADO,https://repositorio.unicamp.br/acervo/detalhe/961353?guid=1652469681753&returnUrl=%2fresultado%2flistar%3fguid%3d1652469681753%26quantidadePaginas%3d1%26codigoRegistro%3d961353%23961353&i=1,orcid.org/0000-0003-4290-6508,orcid.org/0000-0003-4549-7105,sem orcid,,,no info,24,sem orcid,Cecilia Mary Fischer Rubira Rubira,no info,sem orcid,sem orcid,,Eliane Martins,no info,no info,,,,,,,,,,,,,,,,,,,,,,,,,,,,,,,,,
25,MESTRADO,https://repositorio.unicamp.br/acervo/detalhe/900666?guid=1652469743390&returnUrl=%2fresultado%2flistar%3fguid%3d1652469743390%26quantidadePaginas%3d1%26codigoRegistro%3d900666%23900666&i=1,orcid.org/0000-0003-4869-5190,sem orcid,sem orcid,,,Universidade Estadual de Campinas,25,sem orcid,sem orcid,sem orcid,sem orcid,sem orcid,,Guido Araujo,no info,sem orcid,,,,,,,,,,,,,,,,,,,,,,,,,,,,,,,,,
26,MESTRADO,https://repositorio.unicamp.br/acervo/detalhe/902330?guid=1652469792501&returnUrl=%2fresultado%2flistar%3fguid%3d1652469792501%26quantidadePaginas%3d1%26codigoRegistro%3d902330%23902330&i=1,orcid.org/0000-0003-4549-7105,orcid.org/0000-0001-8309-6367,sem orcid,,,no info,26,sem orcid,Ariadne Carvalho,no info,sem orcid,sem orcid,,Cecilia Mary Fischer Rubira Rubira,no info,Universidade Estadual de Campinas,,,,,,,,,,,,,,,,,,,,,,,,,,,,,,,,,
27,MESTRADO,https://repositorio.unicamp.br/acervo/detalhe/895751?guid=1652469857087&returnUrl=%2fresultado%2flistar%3fguid%3d1652469857087%26quantidadePaginas%3d1%26codigoRegistro%3d895751%23895751&i=1,orcid.org/0000-0002-1180-2637,orcid.org/0000-0002-5455-8910,orcid.org/0000-0003-2046-602X,,,UNICAMP - University of Campinas,27,Universidade Estadual de Campinas,Fabio Verdi,Brazil,Nelson L. S. da Fonseca,no info,,Edmundo Madeira,no info,Federal University of São Carlos,,Computer Networks, SDN, Cloud computing, monitoring,,,,,,,,,,,,,,, management, virtualizatoin,,,,,,,,,,,,
28,MESTRADO,https://repositorio.unicamp.br/acervo/detalhe/906029?guid=1652469965872&returnUrl=%2fresultado%2flistar%3fguid%3d1652469965872%26quantidadePaginas%3d1%26codigoRegistro%3d906029%23906029&i=2,orcid.org/0000-0003-4290-6508,orcid.org/0000-0003-0678-4777,orcid.org/0000-0002-6540-8686,,,no info,28,University of Campinas,Regina Moraes,Brazil,Paulo de Geus,Brazil,Computer Security,Eliane Martins,no info,University of Campinas,,,,,,,,,,,,,,,,,,,,,,,,,,,,,,,,,
29,MESTRADO,https://repositorio.unicamp.br/acervo/detalhe/905263?guid=1652470020595&returnUrl=%2fresultado%2flistar%3fguid%3d1652470020595%26quantidadePaginas%3d1%26codigoRegistro%3d905263%23905263&i=1,orcid.org/0000-0002-8803-0401,sem orcid,orcid.org/0000-0003-4869-5190,,,UNICAMP,29,Universidade Estadual de Campinas,sem orcid,sem orcid,Guido Araujo,no info,,Rodolfo Azevedo,Brazil,sem orcid,,,,,,,,,,,,,,,,,,,,,,,,,,,,,,,,,
30,MESTRADO,https://repositorio.unicamp.br/acervo/detalhe/904579?guid=1652470061760&returnUrl=%2fresultado%2flistar%3fguid%3d1652470061760%26quantidadePaginas%3d1%26codigoRegistro%3d904579%23904579&i=1,orcid.org/0000-0003-4549-7105,sem orcid,orcid.org/0000-0003-4290-6508,,,no info,30,no info,sem orcid,sem orcid,Eliane Martins,no info,,Cecilia Mary Fischer Rubira Rubira,no info,sem orcid,,,,,,,,,,,,,,,,,,,,,,,,,,,,,,,,,
31,MESTRADO,https://repositorio.unicamp.br/acervo/detalhe/908148?guid=1652470113178&returnUrl=%2fresultado%2flistar%3fguid%3d1652470113178%26quantidadePaginas%3d1%26codigoRegistro%3d908148%23908148&i=11,orcid.org/0000-0002-8803-0401,sem orcid,orcid.org/0000-0002-9539-6874,,,UNICAMP,31,Universidade Estadual de Campinas,sem orcid,sem orcid,Sandro Rigo,Brazil,Computer Architecture,Rodolfo Azevedo,Brazil,sem orcid,,,,,,Compilers,Code Optimization,High-Performance Computing,,,,,,,,,,,,,,,,,,,,,,,,,
32,MESTRADO,https://repositorio.unicamp.br/acervo/detalhe/901703?guid=1652470188424&returnUrl=%2fresultado%2flistar%3fguid%3d1652470188424%26quantidadePaginas%3d1%26codigoRegistro%3d901703%23901703&i=1,orcid.org/0000-0003-3333-6822,orcid.org/0000-0001-6822-931X,orcid.org/0000-0003-2608-4807,,,University of Campinas,32,Universidade Estadual de Campinas,Maria Emilia Walter,Brazil,Guilherme P. Telles,Brazil,,Zanoni Dias,Brazil,University of Brasilia,,bioinformatics, non-coding RNAs, genomics, transcriptomics,,,,,,,,,,,,,,, genome rearrangements,,,,,,,,,,,,,
33,MESTRADO,https://repositorio.unicamp.br/acervo/detalhe/901716?guid=1652470224644&returnUrl=%2fresultado%2flistar%3fguid%3d1652470224644%26quantidadePaginas%3d1%26codigoRegistro%3d901716%23901716&i=1,orcid.org/0000-0003-3333-6822,orcid.org/0000-0001-6822-931X,orcid.org/0000-0001-7878-4990,,,University of Campinas,33,State University of Campinas,Maria Emilia Walter,Brazil,Joao Meidanis,no info,,Zanoni Dias,Brazil,University of Brasilia,,bioinformatics, non-coding RNAs, genomics, transcriptomics,,,,,,,,,,,,,,, genome rearrangements,,,,,,,,,,,,,
34,DOUTORADO,https://repositorio.unicamp.br/acervo/detalhe/855551?guid=1652470287191&returnUrl=%2fresultado%2flistar%3fguid%3d1652470287191%26quantidadePaginas%3d1%26codigoRegistro%3d855551%23855551&i=1,orcid.org/0000-0003-3333-6822,orcid.org/0000-0001-9174-2816,orcid.org/0000-0001-5615-1746,orcid.org/0000-0001-7878-4990,orcid.org/0000-0003-2608-4807,University of Campinas,34,Universidade Federal de Mato Grosso do Sul,Joao C. Setubal,no info,Nalvo F Almeida,Brazil,,Zanoni Dias,Brazil,Universidade de Sao Paulo,,Bioinformatics, Genomics, Metagenomics, Microbiomes,,,,,,,,,State University of Campinas,Universidade Estadual de Campinas,Guilherme P. Telles,Brazil,Joao Meidanis,no info, Transcriptomics, Computational Biology,,,,,,,,,,,,
35,DOUTORADO,https://repositorio.unicamp.br/acervo/detalhe/854836?guid=1652470373494&returnUrl=%2fresultado%2flistar%3fguid%3d1652470373494%26quantidadePaginas%3d1%26codigoRegistro%3d854836%23854836&i=1,orcid.org/0000-0002-3159-4839,sem orcid,orcid.org/0000-0001-6574-341X,sem orcid,sem orcid,State University of Campinas,35,no info,sem orcid,sem orcid,Arnaldo  De Albuquerque Araujo ,no info,,Jorge Stolfi,no info,sem orcid,,,,,,,,,,,,,,sem orcid,sem orcid,sem orcid,sem orcid,sem orcid,sem orcid,,,,,,,,,,,,,,
36,DOUTORADO,https://repositorio.unicamp.br/acervo/detalhe/854855?guid=1652470417801&returnUrl=%2fresultado%2flistar%3fguid%3d1652470417801%26quantidadePaginas%3d1%26codigoRegistro%3d854855%23854855&i=1,sem orcid,orcid.org/0000-0002-6393-0876,orcid.org/0000-0001-9924-0079,orcid.org/0000-0002-3159-4839,orcid.org/0000-0003-4462-3325,sem orcid,36,no info,Celina Miraglia Herrera de Figueiredo,Brazil,Fabio Protti,no info,,sem orcid,sem orcid,no info,,,,,,,,,,,,,,State University of Campinas,University of Campinas,Orlando Lee,no info,Jorge Stolfi,no info,,,,,,,,,,,,,,
37,DOUTORADO,https://repositorio.unicamp.br/acervo/detalhe/873219?guid=1652470478971&returnUrl=%2fresultado%2flistar%3fguid%3d1652470478971%26quantidadePaginas%3d1%26codigoRegistro%3d873219%23873219&i=1,orcid.org/0000-0002-3159-4839,sem orcid,orcid.org/0000-0003-1574-0362,orcid.org/0000-0003-0125-630X,orcid.org/0000-0003-0683-7672,State University of Campinas,37,Instituto Tecnológico de Aeronáutica,sem orcid,sem orcid,Cesar Marcondes,Brazil,,Jorge Stolfi,no info,sem orcid,,,,,,,,,,,,,,University of Campinas,no info,Anamaria Gomide,no info,Helio Pedrini,Brazil,,,,,,,,,,image and video processing; machine learning; computer vision,,,,
38,DOUTORADO,https://repositorio.unicamp.br/acervo/detalhe/869220?guid=1652470505370&returnUrl=%2fresultado%2flistar%3fguid%3d1652470505370%26quantidadePaginas%3d1%26codigoRegistro%3d869220%23869220&i=1,orcid.org/0000-0001-9772-263X,orcid.org/0000-0003-2430-2030,orcid.org/0000-0001-8318-1780,orcid.org/0000-0002-1941-6036,orcid.org/0000-0002-1756-4852,Universidade Estadual de Campinas,38,no info,David Menotti,no info,Jose F Rodrigues Jr,Brazil,information visualization,Ricardo Torres,Netherlands,Universidade Federal do Paraná,multimedia retrieval,,,,,visualization,infovis,databases,data mining,multimedia classification,machine learning,information visualization,data science,Universidade Estadual de Campinas,Universidade Estadual de Campinas,André Santanchè,no info,Marco Antonio Garcia de Carvalho,Brazil,,,data analysis,graph mining,graph analysis,,,,,image segmentation,graphs,image processing,digital education,pattern recognition
39,DOUTORADO,https://repositorio.unicamp.br/acervo/detalhe/866787?guid=1652470564649&returnUrl=%2fresultado%2flistar%3fguid%3d1652470564649%26quantidadePaginas%3d1%26codigoRegistro%3d866787%23866787&i=1,sem orcid,orcid.org/0000-0003-0683-7672,sem orcid,orcid.org/0000-0002-6560-6965,sem orcid,sem orcid,39,sem orcid,Anamaria Gomide,no info,sem orcid,sem orcid,,sem orcid,sem orcid,no info,,,,,,,,,,,,,,Instituto Eldorado,sem orcid,sem orcid,sem orcid,Eduardo Hideki Tanaka,Brazil,,,,,,,,,,,,,,
40,DOUTORADO,https://repositorio.unicamp.br/acervo/detalhe/877154?guid=1652470640870&returnUrl=%2fresultado%2flistar%3fguid%3d1652470640870%26quantidadePaginas%3d1%26codigoRegistro%3d877154%23877154&i=1,orcid.org/0000-0003-4549-7105,sem orcid,sem orcid,orcid.org/0000-0003-4290-6508,orcid.org/0000-0003-4832-9318,no info,40,sem orcid,sem orcid,sem orcid,sem orcid,sem orcid,,Cecilia Mary Fischer Rubira Rubira,no info,sem orcid,,,,,,,,,,,,,,no info,Universidade Estadual de Campinas,Ivan Luiz Marques Ricarte,Brazil,Eliane Martins,no info,,,,,,,,,,,,,,
41,DOUTORADO,https://repositorio.unicamp.br/acervo/detalhe/896594?guid=1652475291332&returnUrl=%2fresultado%2flistar%3fguid%3d1652475291332%26quantidadePaginas%3d1%26codigoRegistro%3d896594%23896594&i=1,orcid.org/0000-0002-7002-875X,sem orcid,sem orcid,orcid.org/0000-0001-9241-2229,orcid.org/0000-0002-9539-6874,University of Campinas,41,sem orcid,sem orcid,sem orcid,sem orcid,sem orcid,,Ricardo Dahab,Brazil,sem orcid,Cryptography,,,,,,,,, Graph Theory,,,,University of Campinas,Universidade Estadual de Campinas,Sandro Rigo,Brazil,Marco A. Amaral Henriques,no info,,,,,,Computer Architecture,Compilers,Code Optimization,High-Performance Computing,,,,,
42,DOUTORADO,https://repositorio.unicamp.br/acervo/detalhe/905271?guid=1652475538310&returnUrl=%2fresultado%2flistar%3fguid%3d1652475538310%26quantidadePaginas%3d1%26codigoRegistro%3d905271%23905271&i=1,orcid.org/0000-0003-4869-5190,orcid.org/0000-0002-4534-1250,orcid.org/0000-0002-9539-6874,orcid.org/0000-0003-3888-7340,orcid.org/0000-0002-3823-8941,Universidade Estadual de Campinas,42,Universidade Estadual de Campinas,Nicolas Maillard,no info,Sandro Rigo,Brazil,Computer Architecture,Guido Araujo,no info,no info,,,,,,Compilers,Code Optimization,High-Performance Computing,,,,,,University of São Paulo,University of Campinas,Luiz Eduardo Buzato,Brazil,Fabio Kon,Brazil,,,,,,distributed systems,distributed algorithms,fault tolerance,,Smart Cities, Software Development, Open Source, Agile Development, Middleware
43,DOUTORADO,https://repositorio.unicamp.br/acervo/detalhe/898838?guid=1652475572409&returnUrl=%2fresultado%2flistar%3fguid%3d1652475572409%26quantidadePaginas%3d1%26codigoRegistro%3d898838%23898838&i=1,orcid.org/0000-0002-1180-2637,sem orcid,sem orcid,sem orcid,orcid.org/0000-0001-6305-9059,UNICAMP - University of Campinas,43,sem orcid,sem orcid,sem orcid,sem orcid,sem orcid,,Edmundo Madeira,no info,sem orcid,,,,,,,,,,,,,,sem orcid,Universidade Estadual de Campinas,Luiz Fernando Bittencourt,no info,sem orcid,sem orcid,,,,,,,,,,,,,,
44,DOUTORADO,https://repositorio.unicamp.br/acervo/detalhe/896641?guid=1652475612682&returnUrl=%2fresultado%2flistar%3fguid%3d1652475612682%26quantidadePaginas%3d1%26codigoRegistro%3d896641%23896641&i=1,orcid.org/0000-0002-4830-5298,orcid.org/0000-0003-4290-6508,orcid.org/0000-0002-1756-4852,sem orcid,sem orcid,Universidade Estadual de Campinas,44,Universidade Estadual de Campinas,Eliane Martins,no info,André Santanchè,no info,,Maria Cecilia Calani Baranauskas,Brazil,no info,HCI,,,,,,,,,Socially Aware Design,Organizational Semiotics,Participatory Design,,sem orcid,sem orcid,sem orcid,sem orcid,sem orcid,sem orcid,,,,,,,,,,,,,,
45,DOUTORADO,https://repositorio.unicamp.br/acervo/detalhe/896588?guid=1652475651921&returnUrl=%2fresultado%2flistar%3fguid%3d1652475651921%26quantidadePaginas%3d1%26codigoRegistro%3d896588%23896588&i=1,orcid.org/0000-0001-7878-4990,orcid.org/0000-0002-6393-0876,sem orcid,orcid.org/0000-0001-8002-7075,orcid.org/0000-0003-3333-6822,State University of Campinas,45,sem orcid,Celina Miraglia Herrera de Figueiredo,Brazil,sem orcid,sem orcid,,Joao Meidanis,no info,no info,,,,,,,,,,,,,,Universidade Estadual de Campinas,University of Campinas,Zanoni Dias,Brazil,João Frederico da C. A. Meyer,Brazil,,,,,,,,,,Mathematical Ecology,Biomathematics,Mathematical Modelling,Numerical Analysis,
46,DOUTORADO,https://repositorio.unicamp.br/acervo/detalhe/902322?guid=1652475683215&returnUrl=%2fresultado%2flistar%3fguid%3d1652475683215%26quantidadePaginas%3d1%26codigoRegistro%3d902322%23902322&i=1,orcid.org/0000-0001-5685-8004,orcid.org/0000-0002-4236-8212,orcid.org/0000-0003-0125-630X,sem orcid,sem orcid,no info,46,University of Campinas,Anderson Rocha,Brazil,Helio Pedrini,Brazil,image and video processing; machine learning; computer vision,Siome Goldenstein,no info,Universidade Estadual de Campinas,,Machine Intelligence; Digital Forensics; Reasoning for Complex Data,,,,,,,,,,,,sem orcid,sem orcid,sem orcid,sem orcid,sem orcid,sem orcid,,,,,,,,,,,,,,
47,DOUTORADO,https://repositorio.unicamp.br/acervo/detalhe/897108?guid=1652475721793&returnUrl=%2fresultado%2flistar%3fguid%3d1652475721793%26quantidadePaginas%3d1%26codigoRegistro%3d897108%23897108&i=1,sem orcid,orcid.org/0000-0002-4059-8700,orcid.org/0000-0002-6560-6965,orcid.org/0000-0001-6112-892X,orcid.org/0000-0002-1180-2637,sem orcid,47,Instituto Eldorado,Vânia Paula de Almeida Neris,no info,Eduardo Hideki Tanaka,Brazil,,sem orcid,sem orcid,Federal University of São Carlos,,,,,,,,,,,,,,Universidade Estadual de Campinas,UNICAMP - University of Campinas,Edmundo Madeira,no info,Celmar Guimarães da Silva,Brazil,,,,,,,,,,Information Visualization; Human-Computer Interaction,,,,
48,DOUTORADO,https://repositorio.unicamp.br/acervo/detalhe/897591?guid=1652475768035&returnUrl=%2fresultado%2flistar%3fguid%3d1652475768035%26quantidadePaginas%3d1%26codigoRegistro%3d897591%23897591&i=1,sem orcid,orcid.org/0000-0001-8309-6367,sem orcid,orcid.org/0000-0002-6560-6965,sem orcid,sem orcid,48,sem orcid,Ariadne Carvalho,no info,sem orcid,sem orcid,,sem orcid,sem orcid,Universidade Estadual de Campinas,,,,,,,,,,,,,,Instituto Eldorado,sem orcid,sem orcid,sem orcid,Eduardo Hideki Tanaka,Brazil,,,,,,,,,,,,,,
49,DOUTORADO,https://repositorio.unicamp.br/acervo/detalhe/903072?guid=1652475800205&returnUrl=%2fresultado%2flistar%3fguid%3d1652475800205%26quantidadePaginas%3d1%26codigoRegistro%3d903072%23903072&i=1,orcid.org/0000-0001-9772-263X,orcid.org/0000-0003-4929-7258,orcid.org/0000-0002-2075-3363,orcid.org/0000-0003-0125-630X,orcid.org/0000-0001-5685-8004,Universidade Estadual de Campinas,49,Universidade Federal de Minas Gerais,Agma Traina,no info,Marcos André Gonçalves,no info,,Ricardo Torres,Netherlands,Universidade de São Paulo Instituto de Ciências Matemáticas e de Computação,multimedia retrieval,,,,,,,,,multimedia classification,machine learning,information visualization,data science,University of Campinas,no info,Siome Goldenstein,no info,Helio Pedrini,Brazil,,,,,,,,,,image and video processing; machine learning; computer vision,,,,
50,DOUTORADO,https://repositorio.unicamp.br/acervo/detalhe/904617?guid=1652475835679&returnUrl=%2fresultado%2flistar%3fguid%3d1652475835679%26quantidadePaginas%3d1%26codigoRegistro%3d904617%23904617&i=1,orcid.org/0000-0001-5685-8004,orcid.org/0000-0003-2608-4807,orcid.org/0000-0002-6471-4710,orcid.org/0000-0002-3897-3356,sem orcid,no info,50,Universidade Estadual de Campinas,Guilherme P. Telles,Brazil,Aurelio Oliveira,no info,,Siome Goldenstein,no info,Universidade Estadual de Campinas,,,,,,,,,,,,,,Federal University of Rio de Janeiro,sem orcid,sem orcid,sem orcid,Nelson Maculan,no info,,,,,,,,,,,,,,
51,DOUTORADO,https://repositorio.unicamp.br/acervo/detalhe/903638?guid=1652475873272&returnUrl=%2fresultado%2flistar%3fguid%3d1652475873272%26quantidadePaginas%3d1%26codigoRegistro%3d903638%23903638&i=1,orcid.org/0000-0003-1908-4753,orcid.org/0000-0001-8309-6367,orcid.org/0000-0002-1756-4852,sem orcid,orcid.org/0000-0003-4262-5474,Universidade Estadual de Campinas Instituto de Computação,51,Universidade Estadual de Campinas,Ariadne Carvalho,no info,André Santanchè,no info,,Claudia Medeiros,Brazil,Universidade Estadual de Campinas,Scientific data management,,,,,,,,, Data interoperability, Open Science,,,sem orcid,Universidade Federal de Santa Catarina,RONALDO DOS SANTOS MELLO,no info,sem orcid,sem orcid,,,,,,,,,,,,,,
52,DOUTORADO,https://repositorio.unicamp.br/acervo/detalhe/904607?guid=1652475906311&returnUrl=%2fresultado%2flistar%3fguid%3d1652475906311%26quantidadePaginas%3d1%26codigoRegistro%3d904607%23904607&i=1,orcid.org/0000-0003-4290-6508,orcid.org/0000-0001-5103-8541,sem orcid,orcid.org/0000-0003-2608-4807,sem orcid,no info,52,sem orcid,Marco Vieira,Portugal,sem orcid,sem orcid,,Eliane Martins,no info,University of Coimbra,,Dependability, Security, Software Engineering, Web Services,,,,,,,,,Universidade Estadual de Campinas,sem orcid,sem orcid,sem orcid,Guilherme P. Telles,Brazil, Databases,,,,,,,,,,,,,
53,DOUTORADO,https://repositorio.unicamp.br/acervo/detalhe/901718?guid=1652475960724&returnUrl=%2fresultado%2flistar%3fguid%3d1652475960724%26quantidadePaginas%3d1%26codigoRegistro%3d901718%23901718&i=2,orcid.org/0000-0002-4236-8212,orcid.org/0000-0001-5426-7083,orcid.org/0000-0002-6494-7514,orcid.org/0000-0002-0108-7246,orcid.org/0000-0001-5201-1244,Universidade Estadual de Campinas,53,no info,Milton Shoiti Misuta,no info,João Paulo Papa,no info,machine learning,Anderson Rocha,Brazil,Universidade Estadual de Campinas,Machine Intelligence; Digital Forensics; Reasoning for Complex Data,,,,, image processing, computervision, meta-heuristics,,,,,,State University of Londrina ,no info,Jacques Wainer,Brazil,Felipe Moura,no info,,,,,,,,,,,,,,
54,DOUTORADO,https://repositorio.unicamp.br/acervo/detalhe/907208?guid=1652476078609&returnUrl=%2fresultado%2flistar%3fguid%3d1652476078609%26quantidadePaginas%3d1%26codigoRegistro%3d907208%23907208&i=5,orcid.org/0000-0002-4830-5298,sem orcid,orcid.org/0000-0003-3441-0887,orcid.org/0000-0001-8309-6367,sem orcid,Universidade Estadual de Campinas,54,Centro de Tecnologia da Informação Renato Archer,sem orcid,sem orcid,Rodrigo Bonacin,no info,,Maria Cecilia Calani Baranauskas,Brazil,sem orcid,HCI,,,,,,,,,Socially Aware Design,Organizational Semiotics,Participatory Design,,Universidade Estadual de Campinas,sem orcid,sem orcid,sem orcid,Ariadne Carvalho,no info,,,,,,,,,,,,,,
