orcid,nome,genero
orcid.org/0000-0001-5015-2131,Neucimar Leite,Masculino
orcid.org/0000-0001-5103-8541,Marco Vieira,Masculino
orcid.org/0000-0001-5110-6639,Antonio Guimarães,Masculino
orcid.org/0000-0001-5122-5646,Benilton Carvalho,Masculino
orcid.org/0000-0001-5159-9517,Fábio Borges,Masculino
orcid.org/0000-0001-5201-1244,Jacques Wainer,Masculino
orcid.org/0000-0001-5203-4366,Luciano da Fontoura Costa,Masculino
orcid.org/0000-0001-5227-7165,Marcos Simplicio,Masculino
orcid.org/0000-0001-5265-8988,Patrícia Morellato,Feminino
orcid.org/0000-0001-5295-3514,Luiz Camolesi Júnior,Masculino
orcid.org/0000-0001-5378-4732,Djamel F Hadj Sadok,Masculino
orcid.org/0000-0001-5396-9868,Eduardo Valle,Masculino
orcid.org/0000-0001-5426-7083,Milton Shoiti Misuta,Masculino
orcid.org/0000-0001-5489-4909,Luiz Velho,Masculino
orcid.org/0000-0001-5493-4560,Plinio Vilela,Masculino
orcid.org/0000-0001-5501-9719,Cristiano Arbex Valle,Masculino
orcid.org/0000-0001-5597-613X,Carlos Alberto dos Reis Filho,Masculino
orcid.org/0000-0001-5604-1002,Antonio Carlos Moretti,Masculino
orcid.org/0000-0001-5615-1746,Nalvo F Almeida,Masculino
orcid.org/0000-0001-5683-693X,Luiz Henrique de Figueiredo,Masculino
orcid.org/0000-0001-5685-8004,Siome Goldenstein,Masculino
orcid.org/0000-0001-5715-149X,Rafael Martinelli,Masculino
orcid.org/0000-0001-5746-4154,Alfredo Goldman,Masculino
orcid.org/0000-0001-5804-950X,Alysson Prado,Masculino
orcid.org/0000-0001-5814-7847,Susana Oliveira Dias,Feminino
orcid.org/0000-0001-5929-593X,Pedro Munari,Masculino
orcid.org/0000-0001-5944-8246,Ricardo Ciferri,Masculino
orcid.org/0000-0001-5968-7108,Torsten Braun,Masculino
orcid.org/0000-0001-5994-6560,Niederauer Mastelari,Masculino
orcid.org/0000-0001-6030-2682,Eduardo C. Xavier,Masculino
orcid.org/0000-0001-6049-4573,Edgard Jamhour,Masculino
orcid.org/0000-0001-6112-892X,Celmar Guimarães da Silva,Masculino
orcid.org/0000-0001-6172-0229,Teofilo de Campos,Masculino
orcid.org/0000-0001-6261-1497,Marcelo Fantinato,Masculino
orcid.org/0000-0001-6305-9059,Luiz Fernando Bittencourt,Masculino
orcid.org/0000-0001-6332-0296,Yannis Velegrakis,Masculino
orcid.org/0000-0001-6342-428X,Albert Ali Salah,Masculino
orcid.org/0000-0001-6465-356X,Luiz Sérgio Carvalho,Masculino
orcid.org/0000-0001-6471-3462,Edson Norberto Caceres,Masculino
orcid.org/0000-0001-6476-4534,Mário César San Felice,Masculino
orcid.org/0000-0001-6503-8016,Lara Piccolo,Feminino
orcid.org/0000-0001-6574-341X,Arnaldo  De Albuquerque Araujo,Masculino
orcid.org/0000-0001-6627-7692,Abilio Lucena,Masculino
orcid.org/0000-0001-6809-3547,Fabio Viduani Martinez,Masculino
orcid.org/0000-0001-6816-208X,Kalinka Branco,Feminino
orcid.org/0000-0001-6822-931X,Maria Emilia Walter,Feminino
orcid.org/0000-0001-6928-0168,Marinella Sciortino,Feminino
orcid.org/0000-0001-6994-8076,Thiago Henrique Silva,Masculino
orcid.org/0000-0001-7008-4092,Marco Antonio Carvalho Filho,Masculino
orcid.org/0000-0001-7048-6585,Jeroen van de Graaf,Masculino
orcid.org/0000-0001-7093-0244,Camila Duelis Viana,Feminino
orcid.org/0000-0001-7266-9211,Marcos Cirne,Masculino
orcid.org/0000-0001-7309-4528,Anna H Reali Costa,Feminino
orcid.org/0000-0001-7358-6696,RAUL REIS AMORIM,Masculino
orcid.org/0000-0001-7412-5250,Lynda Hardman,Feminino
orcid.org/0000-0001-7434-2642,Santiago Ravelo,Masculino
orcid.org/0000-0001-7461-7570,Marjory Da Costa Abreu,Feminino
orcid.org/0000-0001-7509-5532,Jesús P. Mena-Chalco,Masculino
orcid.org/0000-0001-7598-2799,Gustavo Pinto,Masculino
orcid.org/0000-0001-7637-4293,Filipe de Oliveira Costa,Masculino
orcid.org/0000-0001-7714-2283,George D. C. Cavalcanti,Masculino
orcid.org/0000-0001-7718-8142,Guilherme Sanches,Masculino
orcid.org/0000-0001-7745-6151,Emely Pujólli da Silva,Feminino
orcid.org/0000-0001-7810-0595,JAQUELINE VILELA BULGARELI,Feminino
orcid.org/0000-0001-7878-4990,Joao Meidanis,Masculino
orcid.org/0000-0001-8002-7075,João Frederico da C. A. Meyer,Masculino
orcid.org/0000-0001-8175-8320,Laura Bahiense,Feminino
orcid.org/0000-0001-8182-5554,Leticia Rittner,Feminino
orcid.org/0000-0001-8229-3385,Afonso Paiva,Masculino
orcid.org/0000-0001-8253-2729,Alexandre L. M. Levada,Masculino
orcid.org/0000-0001-8264-5811,Maria da Graça Campos Pimentel,Feminino
orcid.org/0000-0001-8273-9439,Luidi Simonetti,Masculino
orcid.org/0000-0001-8309-6367,Ariadne Carvalho,Feminino
orcid.org/0000-0001-8318-1780,Jose F Rodrigues Jr,Masculino
orcid.org/0000-0001-8515-0582,Helio Waldman,Masculino
orcid.org/0000-0001-8522-2056,Silvio GUIMARAES,Masculino
orcid.org/0000-0001-8585-706X,Wilmar Yesid Campo Muñoz,Masculino
orcid.org/0000-0001-8597-4987,Ronaldo Prati,Masculino
orcid.org/0000-0001-8657-3800,Joel Rodrigues,Masculino
orcid.org/0000-0001-8785-5906,Ricardo Fukasawa,Masculino
orcid.org/0000-0001-8793-3185,Juliana Fracarolli,Feminino
orcid.org/0000-0001-8824-3055,Alexandro Baldassin,Masculino
orcid.org/0000-0001-8837-5912,Manoelito Ferreira Silva Junior,Masculino
orcid.org/0000-0001-8881-1657,Roberto Sadao Yokoyama,Masculino
orcid.org/0000-0001-8923-0432,Tomasz Kowaltowski,Masculino
orcid.org/0000-0001-8956-8660,Lisandro Zambenedetti Granville,Masculino
orcid.org/0000-0001-8969-4683,Alexandre Braga,Masculino
orcid.org/0000-0001-9068-938X,Sandra Avila,Feminino
orcid.org/0000-0001-9084-7173,clarissa yasuda,Feminino
orcid.org/0000-0001-9097-827X,Reinaldo A. C. Bianchi,Masculino
orcid.org/0000-0001-9152-0658,Ricardo Caceffo,Masculino
orcid.org/0000-0001-9174-2816,Joao C. Setubal,Masculino
orcid.org/0000-0001-9176-8709,Kamila Rios da Hora Rodrigues,Feminino
orcid.org/0000-0001-9193-2302,Luiz Maciel,Masculino
orcid.org/0000-0001-9241-2229,Marco A. Amaral Henriques,Masculino
orcid.org/0000-0001-9242-2806,Routo Terada,Masculino
orcid.org/0000-0001-9264-5380,Ivani Rodrigues Silva,Feminino
orcid.org/0000-0001-9305-5323,Damires Souza,Feminino
orcid.org/0000-0001-9319-9829,Levy Boccato,Masculino
orcid.org/0000-0001-9336-9568,Fernando Cendes,Masculino
orcid.org/0000-0001-9448-2036,Robson De Grande,Masculino
orcid.org/0000-0001-9502-1362,Paulo Sérgio Santos,Masculino
orcid.org/0000-0001-9504-496X,Ferrucio de Franco Rosa,Masculino
orcid.org/0000-0001-9538-9538,Cristiano Torezzan,Masculino
orcid.org/0000-0001-9577-9309,Eduardo Morais,Masculino
orcid.org/0000-0001-9584-9477,Karine Laura Cortellazzi,Feminino
orcid.org/0000-0001-9625-5259,Itana Gimenes,Feminino
orcid.org/0000-0001-9669-2352,Carlos Lucena,Masculino
orcid.org/0000-0001-9722-5764,Nina S. T. Hirata,Feminino
orcid.org/0000-0001-9756-378X,Gustavo Figueiredo,Masculino
orcid.org/0000-0001-9772-263X,Ricardo Torres,Masculino
orcid.org/0000-0001-9820-6047,TOMMASO ZOPPI,Masculino
orcid.org/0000-0001-9878-0380,André Constantino da Silva,Masculino
orcid.org/0000-0001-9886-3506,Ana Estela Antunes da Silva,Feminino
orcid.org/0000-0001-9892-740X,Eleri Cardozo,Masculino
orcid.org/0000-0001-9924-0079,Fabio Protti,Masculino
orcid.org/0000-0002-0108-7246,Felipe Moura,Masculino
orcid.org/0000-0002-0145-5571,Francisco Rodrigues,Masculino
orcid.org/0000-0002-0171-4430,Otávio A. B. Penatti,Masculino
orcid.org/0000-0002-0173-4140,César Beltrán Castañón,Masculino
orcid.org/0000-0002-0189-8540,Alexandre Gonçalves Silva,Masculino
orcid.org/0000-0002-0210-0908,Ricardo  Pannain,Masculino
orcid.org/0000-0002-0236-0689,Eduardo Camponogara,Masculino
orcid.org/0000-0002-0323-9207,Antonio Carlos Rodrigues de Amorim,Masculino
orcid.org/0000-0002-0349-7441,Said Sadique Adi,Masculino
orcid.org/0000-0002-0357-8655,Eduardo Oliveira Freire,Masculino
orcid.org/0000-0002-0375-1657,Fernando Magno Quintão Pereira,Masculino
orcid.org/0000-0002-0456-7640,Lin Tzy Li,Feminino
orcid.org/0000-0002-0472-4810,Rafael C. S. Schouery,Masculino
orcid.org/0000-0002-0483-3435,Leyza Dorini,Feminino
orcid.org/0000-0002-0503-7297,,
orcid.org/0000-0002-0512-506X,Alexandre Ferreira,Masculino
orcid.org/0000-0002-0517-1496,Gustavo Fraidenraich,Masculino
orcid.org/0000-0002-0527-1083,Renato Vicentini,Masculino
orcid.org/0000-0002-0689-2703,Eric Rohmer,Masculino
orcid.org/0000-0002-0713-0583,Fabrício Silva,Masculino
orcid.org/0000-0002-0746-4014,Antonio Tadeu Azevedo Gomes,Masculino
orcid.org/0000-0002-0796-3868,Fátima Mattiello-Francisco,Feminino
orcid.org/0000-0002-0876-0501,Thales Sehn Körting,Masculino
orcid.org/0000-0002-0968-5320,Anderson Anjos da Silva,Masculino
orcid.org/0000-0002-1067-6421,Flávio K. Miyazawa,Masculino
orcid.org/0000-0002-1095-6714,José Marcos Silva Nogueira,Masculino
orcid.org/0000-0002-1156-8270,Jayme Barbedo,Masculino
orcid.org/0000-0002-1163-9980,Liria Sato,Feminino
orcid.org/0000-0002-1180-2637,Edmundo Madeira,Masculino
orcid.org/0000-0002-1277-9336,Hana Rubinsztejn,Feminino
orcid.org/0000-0002-1287-8019,Paulo Oliveira,Masculino
orcid.org/0000-0002-1310-0997,Peter Schwabe,Masculino
orcid.org/0000-0002-1347-186X,Jose Armando Valente,Masculino
orcid.org/0000-0002-1386-4794,Alex Galoro,Masculino
orcid.org/0000-0002-1404-398X,Lúcio Tunes Santos,Masculino
orcid.org/0000-0002-1445-1238,Emanuel Felipe Duarte,Masculino
orcid.org/0000-0002-1534-5744,Paula Dornhofer Paro Costa,Feminino
orcid.org/0000-0002-1546-3740,Carlos Caetano,Masculino
orcid.org/0000-0002-1649-6843,Kelly Poldi,Feminino
orcid.org/0000-0002-1724-9780,Alessandra Davólio Gomes,Feminino
orcid.org/0000-0002-1733-0087,Antonio Montes Herrera,Masculino
orcid.org/0000-0002-1736-544X,Luciana Zaina,Feminino
orcid.org/0000-0002-1756-4852,André Santanchè,Masculino
orcid.org/0000-0002-1884-8830,Flávia Linhalis,Feminino
orcid.org/0000-0002-1914-5790,Mario Jino,Masculino
orcid.org/0000-0002-1927-7398,claudio miceli,Masculino
orcid.org/0000-0002-1941-6036,Marco Antonio Garcia de Carvalho,Masculino
orcid.org/0000-0002-1953-9132,Daniel L. Guidoni,Masculino
orcid.org/0000-0002-1957-9943,Mylene Farias,Feminino
orcid.org/0000-0002-2042-4623,Breno Piva,Masculino
orcid.org/0000-0002-2075-3363,Marcos André Gonçalves,Masculino
orcid.org/0000-0002-2159-339X,Edna Dias Canedo,Feminino
orcid.org/0000-0002-2312-7042,Mario Dantas,Masculino
orcid.org/0000-0002-2316-760X,Fernando Paulovich,Masculino
orcid.org/0000-0002-2347-5215,Jorge Vicente Lopes da Silva,Masculino
orcid.org/0000-0002-2407-0981,Carlos Alberto Astudillo Trujillo,Masculino
orcid.org/0000-0002-2431-8457,Cristiano  Maciel,Masculino
orcid.org/0000-0002-2457-0783,Diego F. Aranha,Masculino
orcid.org/0000-0002-2497-9140,Sébastien Marcel,Masculino
orcid.org/0000-0002-2582-1695,Ricardo Cerri,Masculino
orcid.org/0000-0002-2614-2723,Wagner Meira Jr,Masculino
orcid.org/0000-0002-2739-085X,Siovani C Felipussi,Masculino
orcid.org/0000-0002-2751-0014,Maria Claudia Castro,Feminino
orcid.org/0000-0002-2836-2009,Mateus Beck Rutzig,Masculino
orcid.org/0000-0002-2867-4838,Daniel Carlos Guimarães Pedronette,Masculino
orcid.org/0000-0002-2894-3911,Samuel Martins,Masculino
orcid.org/0000-0002-2906-3588,Jesse Costa,Masculino
orcid.org/0000-0002-2914-5380,Alexandre Falcao,Masculino
orcid.org/0000-0002-2961-4044,Romis Attux,Masculino
orcid.org/0000-0002-2972-9423,Nabor Mendonça,Masculino
orcid.org/0000-0002-2992-3429,Marcos Borges,Masculino
orcid.org/0000-0002-3087-9234,Carlos Kamienski,Masculino
orcid.org/0000-0002-3094-6847,Mariá Nascimento,Feminino
orcid.org/0000-0002-3152-4523,Shin-Ting Wu,Feminino
orcid.org/0000-0002-3159-4839,Jorge Stolfi,Masculino
orcid.org/0000-0002-3160-3168,João Porto de Albuquerque,Masculino
orcid.org/0000-0002-3219-8061,Reginaldo Jr Palazzo,Masculino
orcid.org/0000-0002-3372-3366,Leandro Villas,Masculino
orcid.org/0000-0002-3385-5780,Vitomir Štruc,Masculino
orcid.org/0000-0002-3434-3074,yuri frota,Masculino
orcid.org/0000-0002-3527-6870,Felipe Rodrigues da Silva,Masculino
orcid.org/0000-0002-3691-6171,Leonardo Oliveira,Masculino
orcid.org/0000-0002-3734-7679,Pedro Hokama,Masculino
orcid.org/0000-0002-3754-9115,Marcelo Reis,Masculino
orcid.org/0000-0002-3823-8941,Luiz Eduardo Buzato,Masculino
orcid.org/0000-0002-3875-2211,Nádia Silva,Feminino
orcid.org/0000-0002-3891-1593,mario cortes,Masculino
orcid.org/0000-0002-3897-3356,Nelson Maculan,Masculino
orcid.org/0000-0002-3948-305X,Reinaldo Morabito,Masculino
orcid.org/0000-0002-4059-8700,Vânia Paula de Almeida Neris,Feminino
orcid.org/0000-0002-4113-7543,Rafael Misoczki,Masculino
orcid.org/0000-0002-4128-5415,Fernando J. Von Zuben,Masculino
orcid.org/0000-0002-4187-8798,Rodrigo Luis de Souza da Silva,Masculino
orcid.org/0000-0002-4231-9621,Claudia Maria Lima Werner,Feminino
orcid.org/0000-0002-4236-8212,Anderson Rocha,Masculino
orcid.org/0000-0002-4248-2744,Heiko Hornung,Masculino
orcid.org/0000-0002-4252-3710,Jair Donadelli,Masculino
orcid.org/0000-0002-4312-202X,Milton Ribeiro,Masculino
orcid.org/0000-0002-4321-9075,Adín Ramírez Rivera,Masculino
orcid.org/0000-0002-4329-6214,Flavio Santos,Masculino
orcid.org/0000-0002-4424-0888,Marisol Marini,Feminino
orcid.org/0000-0002-4515-2521,Hugo Fernando Salinas Fortes Junior,Masculino
orcid.org/0000-0002-4531-1473,Breno Bernard Nicolau de França,Masculino
orcid.org/0000-0002-4534-1250,Nicolas Maillard,Masculino
orcid.org/0000-0002-4607-9880,Maria Teresa Eglér Mantoan,Feminino
orcid.org/0000-0002-4627-9743,Juan Pablo Hourcade,Masculino
orcid.org/0000-0002-4641-0684,Guilherme Palermo Coelho,Masculino
orcid.org/0000-0002-4694-7182,Carla Osthoff,Feminino
orcid.org/0000-0002-4701-2821,FÁBIO FERRENTINI SAMPAIO,Masculino
orcid.org/0000-0002-4711-5783,Claudio R. Jung,Masculino
orcid.org/0000-0002-4763-3046,Ulisses Dias,Masculino
orcid.org/0000-0002-4799-8774,Rosane Minghim,Feminino
orcid.org/0000-0002-4830-5298,Maria Cecilia Calani Baranauskas,Feminino
orcid.org/0000-0002-4851-5228,Maycon Peixoto,Masculino
orcid.org/0000-0002-4865-5896,Daniel Macedo Batista,Masculino
orcid.org/0000-0002-4888-0778,Regina Braga,Feminino
orcid.org/0000-0002-4961-3428,José C. Geromel,Masculino
orcid.org/0000-0002-4984-4832,Jaudete Daltio,Feminino
orcid.org/0000-0002-5017-8320,Gleyce Figueiredo,Feminino
orcid.org/0000-0002-5163-2986,Clarimar Coelho,Masculino
orcid.org/0000-0002-5178-3661,Reinaldo Bergamaschi,Masculino
orcid.org/0000-0002-5193-8643,Omar Branquinho,Masculino
orcid.org/0000-0002-5227-9221,Juliana de Santi,Feminino
orcid.org/0000-0002-5233-7639,Solange Rezende,Feminino
orcid.org/0000-0002-5243-0921,Fernanda Andaló,Feminino
orcid.org/0000-0002-5250-1785,Antonio A. F. Loureiro,Masculino
orcid.org/0000-0002-5259-2859,Cristina G. Fernandes,Feminino
orcid.org/0000-0002-5263-1977,Christiano Lyra Filho,Masculino
orcid.org/0000-0002-5270-4427,Fabio Gozzo,Masculino
orcid.org/0000-0002-5320-9209,Ueverton S. Souza,Masculino
orcid.org/0000-0002-5374-2521,Emilio Francesquini,Masculino
orcid.org/0000-0002-5446-114X,Patrick Flynn,Masculino
orcid.org/0000-0002-5455-8910,Fabio Verdi,Masculino
orcid.org/0000-0002-5494-319X,Magdala de Araujo Novaes,Feminino
orcid.org/0000-0002-5564-698X,Lucas Wanner,Masculino
orcid.org/0000-0002-5591-3750,Jo Ueyama,Masculino
orcid.org/0000-0002-5652-0852,Roberto Lotufo,Masculino
orcid.org/0000-0002-5660-6488,Jose Ferreira de Rezende,Masculino
orcid.org/0000-0002-5760-8426,Carlos Ribeiro,Masculino
orcid.org/0000-0002-5824-7087,Ricardo Terra,Masculino
orcid.org/0000-0002-5861-4414,ALDRI LUIZ DOS SANTOS,Masculino
orcid.org/0000-0002-5868-6661,Ana Shirley Monteiro da Silva,Feminino
orcid.org/0000-0002-5945-0845,Cid de Souza,Masculino
orcid.org/0000-0002-6023-5982,Islene Calciolari Garcia,Feminino
orcid.org/0000-0002-6044-4012,Nuno Antunes,Masculino
orcid.org/0000-0002-6137-874X,JULIAN GUTIERREZ POSADA,Masculino
orcid.org/0000-0002-6197-2626,Thiago Vallin Spina,Masculino
orcid.org/0000-0002-6275-6503,Jéferson Campos Nobre,Masculino
orcid.org/0000-0002-6317-218X,Flavio de Barros Vidal,Masculino
orcid.org/0000-0002-6354-8917,Marcio Seiji Oyamada,Masculino
orcid.org/0000-0002-6393-0876,Celina Miraglia Herrera de Figueiredo,Feminino
orcid.org/0000-0002-6399-8790,Ronaldo Hashimoto,Masculino
orcid.org/0000-0002-6471-4710,Aurelio Oliveira,Masculino
orcid.org/0000-0002-6494-7514,João Paulo Papa,Masculino
orcid.org/0000-0002-6540-8686,Paulo de Geus,Masculino
orcid.org/0000-0002-6560-6965,Eduardo Hideki Tanaka,Masculino
orcid.org/0000-0002-6625-6047,Caetano Traina Junior,Masculino
orcid.org/0000-0002-6731-1482,Julio Cesar Lopez Hernandez,Masculino
orcid.org/0000-0002-6750-5965,Laura Sánchez García,Feminino
orcid.org/0000-0002-6790-5184,Andre Rauber Du Bois,Masculino
orcid.org/0000-0002-6804-1453,Emilia Villani,Feminino
orcid.org/0000-0002-6831-2006,Thiago Noronha,Masculino
orcid.org/0000-0002-6871-8428,ester dal poz,Feminino
orcid.org/0000-0002-6946-9670,Horacio Hideki Yanasse,Masculino
orcid.org/0000-0002-6951-7150,Leo Magalhaes,Masculino
orcid.org/0000-0002-6972-6913,Joaquim F. Martins Filho,Masculino
orcid.org/0000-0002-7002-875X,Ricardo Dahab,Masculino
orcid.org/0000-0002-7006-1621,Rodrigo Mologni Gonçalves dos Santos,Masculino
orcid.org/0000-0002-7270-1477,Ivandré Paraboni,Masculino
orcid.org/0000-0002-7327-848X,Clodoveu Davis,Masculino
orcid.org/0000-0002-7350-8599,Andrey Brito,Masculino
orcid.org/0000-0002-7418-7918,Roberto Scheffel,Masculino
orcid.org/0000-0002-7519-0502,Paulo Drews-Jr,Masculino
orcid.org/0000-0002-7538-7305,Jayme L Szwarcfiter,Masculino
orcid.org/0000-0002-7561-5582,Luciano Gaspary,Masculino
orcid.org/0000-0002-7603-9695,Leonardo Montecchi,Masculino
orcid.org/0000-0002-7618-1405,Cristina D Aguiar,Feminino
orcid.org/0000-0002-7645-7758,Andre Fioravanti,Masculino
orcid.org/0000-0002-7699-8677,Paulo Feofiloff,Masculino
orcid.org/0000-0002-7754-4298,Elisa Yumi Nakagawa,Feminino
orcid.org/0000-0002-7779-1950,Tiago Carvalho,Masculino
orcid.org/0000-0002-7789-3359,Luís Henrique M. K. Costa,Masculino
orcid.org/0000-0002-7860-9575,Edleno Silva de Moura,Masculino
orcid.org/0000-0002-7941-6281,Renato Fileto,Masculino
orcid.org/0000-0002-7959-6569,Célio Albuquerque,Masculino
orcid.org/0000-0002-8007-9817,Markus Endler,Masculino
orcid.org/0000-0002-8055-0680,Silvia Maria Fonseca Silveira Massruhá,Feminino
orcid.org/0000-0002-8105-3627,Carlile Lavor,Masculino
orcid.org/0000-0002-8111-1719,Magnos Martinello,Masculino
orcid.org/0000-0002-8225-1107,Philippe R B Devloo,Masculino
orcid.org/0000-0002-8229-3139,Yoshiko Wakabayashi,Feminino
orcid.org/0000-0002-8253-9004,Helena Maia,Feminino
orcid.org/0000-0002-8340-4881,Simone Dantas; Dantas,Feminino
orcid.org/0000-0002-8341-8183,Vinicius Mota,Masculino
orcid.org/0000-0002-8385-8859,Luanna Tomaz,Feminino
orcid.org/0000-0002-8405-2152,Juliano Lopes de Oliveira,Masculino
orcid.org/0000-0002-8429-4119,Aurea Soriano-Vargas,Feminino
orcid.org/0000-0002-8514-8033,Luis Nonato,Masculino
orcid.org/0000-0002-8588-8197,Anderson Faustino da Silva,Masculino
orcid.org/0000-0002-8603-699X,Juliana Freitag Borin,Feminino
orcid.org/0000-0002-8639-3532,Sheila Almeida,Feminino
orcid.org/0000-0002-8687-2613,Eduardo Uchoa,Masculino
orcid.org/0000-0002-8727-4500,Sergio Salles-Filho,Masculino
orcid.org/0000-0002-8746-1680,Dario Cecilio-Fernandes,Masculino
orcid.org/0000-0002-8757-4124,Sostenes Lins,Masculino
orcid.org/0000-0002-8781-3914,Rafael Pasquini,Masculino
orcid.org/0000-0002-8786-3313,Fabricio Martins Lopes,Masculino
orcid.org/0000-0002-8803-0401,Rodolfo Azevedo,Masculino
orcid.org/0000-0002-8837-9291,Sueli I. R. Costa,Feminino
orcid.org/0000-0002-8856-194X,Ricardo Anido,Masculino
orcid.org/0000-0002-8889-1586,Jefersson A. dos Santos,Masculino
orcid.org/0000-0002-8972-080X,Fábio Usberti,Masculino
orcid.org/0000-0002-9104-613X,Tiago Fernandes Tavares,Masculino
orcid.org/0000-0002-9206-8138,Jerônimo Pellegrini,Masculino
orcid.org/0000-0002-9209-7764,Gustavo Maciel Dias Vieira,Masculino
orcid.org/0000-0002-9244-9969,Anand Subramanian,Masculino
orcid.org/0000-0002-9272-3403,Thiago T. Santos,Masculino
orcid.org/0000-0002-9318-7956,Antonio Carlos Aloise,Masculino
orcid.org/0000-0002-9384-8347,Luiz C. V. dos Santos,Masculino
orcid.org/0000-0002-9393-398X,Adler Souza,Masculino
orcid.org/0000-0002-9460-8847,PAULO ROBERTO PEREIRA SANTIAGO,Masculino
orcid.org/0000-0002-9529-4253,Pedro J. de Rezende,Masculino
orcid.org/0000-0002-9539-6874,Sandro Rigo,Masculino
orcid.org/0000-0002-9545-2098,Julio Cesar Dos Reis,Masculino
orcid.org/0000-0002-9554-1381,Ricardo Machado Leite de Barros,Masculino
orcid.org/0000-0002-9598-5732,Luciana Buriol,Feminino
orcid.org/0000-0002-9666-3954,Ricardo Gudwin,Masculino
orcid.org/0000-0002-9671-9313,Francisco Pereira Lobo,Masculino
orcid.org/0000-0002-9682-0075,Lourenço Alves Pereira Júnior,Masculino
orcid.org/0000-0002-9707-799X,José Mario De Martino,Masculino
orcid.org/0000-0002-9835-352X,Edilson Arruda,Masculino
orcid.org/0000-0002-9908-4384,Bruno Cafeo,Masculino
orcid.org/0000-0002-9936-3770,Augusto Venâncio Neto,Masculino
orcid.org/0000-0002-9955-5721,Alexandre Cunha,Masculino
orcid.org/0000-0002-9957-5861,Philippe Navaux,Masculino
orcid.org/0000-0002-9992-8540,Márcio Castro,Masculino
orcid.org/0000-0003-0037-5972,Marta Luiza Strambi,Feminino
orcid.org/0000-0003-0040-0752,Fátima Nunes,Feminino
orcid.org/0000-0003-0087-6806,FLAVIA VASQUES BITTENCOURT,Feminino
orcid.org/0000-0003-0117-9308,André Pacheco,Masculino
orcid.org/0000-0003-0125-630X,Helio Pedrini,Masculino
orcid.org/0000-0003-0158-7432,Renan Moritz Varnier Rodrigues de Almeida,Masculino
orcid.org/0000-0003-0191-582X,Mariza Ferro,Feminino
orcid.org/0000-0003-0225-5106,Sara D. Cardell,Feminino
orcid.org/0000-0003-0290-0080,Leonardo Tomazeli Duarte,Masculino
orcid.org/0000-0003-0325-1596,Vagner Santana,Masculino
orcid.org/0000-0003-0467-3133,Esther Luna Colombini,Feminino
orcid.org/0000-0003-0499-2564,Marcos M. Raimundo,Masculino
orcid.org/0000-0003-0524-3274,Julio Cezar Estrella,Masculino
orcid.org/0000-0003-0602-6298,Carla Negri Lintzmayer,Feminino
orcid.org/0000-0003-0678-4777,Regina Moraes,Feminino
orcid.org/0000-0003-0683-7672,Anamaria Gomide,Feminino
orcid.org/0000-0003-0750-0502,Alexandru Cristian Telea,Masculino
orcid.org/0000-0003-0804-1790,Zenilton Patrocínio Jr,Masculino
orcid.org/0000-0003-0866-6272,Célio Maschio,Masculino
orcid.org/0000-0003-0993-2798,Lais Mais,Feminino
orcid.org/0000-0003-1001-082X,Lehilton Pedrosa,Masculino
orcid.org/0000-0003-1119-2450,Denis Rosário,Masculino
orcid.org/0000-0003-1140-4513,Marcio M. Pereira,Masculino
orcid.org/0000-0003-1214-3431,Hervé Yviquel,Masculino
orcid.org/0000-0003-1273-9809,Hermes Senger,Masculino
orcid.org/0000-0003-1303-3760,Hilder Vitor Lima Pereira,Masculino
orcid.org/0000-0003-1323-0502,Paulo Rosa,Masculino
orcid.org/0000-0003-1381-4794,Maycon Sambinelli,Masculino
orcid.org/0000-0003-1399-7535,Marco Gerosa,Masculino
orcid.org/0000-0003-1449-8834,William Schwartz,Masculino
orcid.org/0000-0003-1495-5935,Leonardo Castro Botega,Masculino
orcid.org/0000-0003-1527-9668,Karol Desnos,Feminino
orcid.org/0000-0003-1531-7249,Marina Atsumi Oikawa,Feminino
orcid.org/0000-0003-1561-8447,Alberto Ferreira De Souza,Masculino
orcid.org/0000-0003-1574-0362,Cesar Marcondes,Masculino
orcid.org/0000-0003-1690-1201,Hugo do Nascimento,Masculino
orcid.org/0000-0003-1691-6243,Emilson Leite,Masculino
orcid.org/0000-0003-1707-1887,Celso Cavellucci,Masculino
orcid.org/0000-0003-1720-5080,Guilherme Avansi,Masculino
orcid.org/0000-0003-1752-6255,Mauricio Breternitz,Masculino
orcid.org/0000-0003-1766-5757,Andre Gregio,Masculino
orcid.org/0000-0003-1781-2630,Leo Sampaio Ferraz Ribeiro,Feminino
orcid.org/0000-0003-1783-4231,Edson Borin,Masculino
orcid.org/0000-0003-1802-7829,Ricardo Ferreira,Masculino
orcid.org/0000-0003-1840-2895,Rodrigo Duran,Masculino
orcid.org/0000-0003-1908-4753,Claudia Medeiros,Feminino
orcid.org/0000-0003-1929-9391,Leonardo Cunha de Miranda,Masculino
orcid.org/0000-0003-1979-7817,Tiago Coimbra,Masculino
orcid.org/0000-0003-2046-602X,Nelson L. S. da Fonseca,Masculino
orcid.org/0000-0003-2059-9463,Moacir Ponti,Masculino
orcid.org/0000-0003-2070-2061,Sergio Matioli,Masculino
orcid.org/0000-0003-2111-1319,Thiago Pardo,Masculino
orcid.org/0000-0003-2112-4806,Cristina Vasconcelos,Feminino
orcid.org/0000-0003-2162-6523,Eduardo Cerqueira,Masculino
orcid.org/0000-0003-2223-947X,Oscar Mauricio Caicedo Rendon,Masculino
orcid.org/0000-0003-2256-4379,Fabiano Reis,Masculino
orcid.org/0000-0003-2277-4632,Rodrigo Minetto,Masculino
orcid.org/0000-0003-2283-1123,Antonio Saraiva,Masculino
orcid.org/0000-0003-2314-5117,Alcides Calsavara,Masculino
orcid.org/0000-0003-2430-2030,David Menotti,Masculino
orcid.org/0000-0003-2440-0247,Guillermo Camara Chavez,Masculino
orcid.org/0000-0003-2483-6382,Roger Immich,Masculino
orcid.org/0000-0003-2592-3664,Carlos Maziero,Masculino
orcid.org/0000-0003-2608-4807,Guilherme P. Telles,Masculino
orcid.org/0000-0003-2618-5499,Renato Lopes,Masculino
orcid.org/0000-0003-2674-3366,Thiago Alves de Queiroz,Masculino
orcid.org/0000-0003-2715-6796,Vinod Rebello,Masculino
orcid.org/0000-0003-2823-4725,Marcelo Abbade,Masculino
orcid.org/0000-0003-2823-7600,Franklina Toledo,Feminino
orcid.org/0000-0003-2918-9778,Rafaela Batista dos Santos Pedrosa,Feminino
orcid.org/0000-0003-2944-4476,Marcos Maximo,Masculino
orcid.org/0000-0003-2956-6326,Fabio Augusto Faria,Masculino
orcid.org/0000-0003-2962-2033,Manoel Campêlo,Masculino
orcid.org/0000-0003-2970-2084,Leandro Galvao,Masculino
orcid.org/0000-0003-2973-2232,Erickson R. Nascimento,Masculino
orcid.org/0000-0003-2982-4006,Rodolfo I. Meneguette,Masculino
orcid.org/0000-0003-2998-6785,LUIS MEIRA,Masculino
orcid.org/0000-0003-3052-3016,Roberto Pereira,Masculino
orcid.org/0000-0003-3081-9722,Laura Assis,Feminino
orcid.org/0000-0003-3109-4305,Christian Esteve Rothenberg,Masculino
orcid.org/0000-0003-3139-6266,Silvia Vergilio,Feminino
orcid.org/0000-0003-3233-0314,Joice Lee Otsuka,Feminino
orcid.org/0000-0003-3308-6384,Keiller Nogueira,Masculino
orcid.org/0000-0003-3333-6822,Zanoni Dias,Masculino
orcid.org/0000-0003-3441-0887,Rodrigo Bonacin,Masculino
orcid.org/0000-0003-3551-4063,Daniel Panario,Masculino
orcid.org/0000-0003-3551-6480,Sarajane Marques Peres,Feminino
orcid.org/0000-0003-3580-5178,Marcos Augusto Francisco Borges,Masculino
orcid.org/0000-0003-3589-1619,Renata Galante,Feminino
orcid.org/0000-0003-3692-2202,Delano Beder,Masculino
orcid.org/0000-0003-3738-6448,Bruno Albertini,Masculino
orcid.org/0000-0003-3765-8300,Allan Pinto,Masculino
orcid.org/0000-0003-3861-7260,Roberto Hirata Jr.,Masculino
orcid.org/0000-0003-3888-7340,Fabio Kon,Masculino
orcid.org/0000-0003-3910-8804,Socorro Rangel,Feminino
orcid.org/0000-0003-3946-979X,Maicon Melo Alves,Masculino
orcid.org/0000-0003-4036-8064,Ana Carolina Salgado,Feminino
orcid.org/0000-0003-4177-1322,Debora Drucker,Feminino
orcid.org/0000-0003-4237-4281,Christiane Neme Campos (C. N. Campos),Feminino
orcid.org/0000-0003-4262-5474,RONALDO DOS SANTOS MELLO,Masculino
orcid.org/0000-0003-4268-9726,Eduardo Lima,Masculino
orcid.org/0000-0003-4275-0638,Fabio Basso,Masculino
orcid.org/0000-0003-4286-5304,Henrique Gaspar,Masculino
orcid.org/0000-0003-4290-6508,Eliane Martins,Feminino
orcid.org/0000-0003-4344-1263,Rubens Augusto Camargo Lamparelli,Masculino
orcid.org/0000-0003-4427-652X,Alessandro Arpetti,Masculino
orcid.org/0000-0003-4462-3325,Orlando Lee,Masculino
orcid.org/0000-0003-4523-6466,Heitor S. Ramos,Masculino
orcid.org/0000-0003-4549-7105,Cecilia Mary Fischer Rubira Rubira,Feminino
orcid.org/0000-0003-4555-5598,Bernardo Flores,Masculino
orcid.org/0000-0003-4568-8040,Antonio Campello,Masculino
orcid.org/0000-0003-4701-8067,Glauber Ferreira Cintra,Masculino
orcid.org/0000-0003-4804-5788,Carlos Ferreira,Masculino
orcid.org/0000-0003-4808-4904,Jorge Castro-Godínez,Masculino
orcid.org/0000-0003-4832-9318,Ivan Luiz Marques Ricarte,Masculino
orcid.org/0000-0003-4861-7061,Aparecido Nilceu Marana,Masculino
orcid.org/0000-0003-4869-5190,Guido Araujo,Masculino
orcid.org/0000-0003-4879-7015,Stanley Oliveira,Masculino
orcid.org/0000-0003-4886-7298,Renato M.E. Sabbatini,Masculino
orcid.org/0000-0003-4890-1548,Luciano Digiampietri,Masculino
orcid.org/0000-0003-4929-7258,Agma Traina,Feminino
orcid.org/0000-0003-4931-9891,José Federico Vizcaino Gonzalez,Masculino
orcid.org/0000-0003-4971-7355,Daniel Cordeiro,Masculino
orcid.org/0009-0000-2453-6617,Amanda Meincke Melo,Feminino
orcid.org/0000-0001-5191-5209,Alba Cristina Magalhaes Alves de Melo,Feminino
orcid.org/0000-0001-5195-0215,Gastão Campos,Masculino
orcid.org/0000-0001-6045-1274,Eduardo Todt,Masculino
orcid.org/0000-0001-6753-139X,Valdir Grassi Jr,Masculino
orcid.org/0000-0001-6760-4675,Marilia Curado,Feminino
orcid.org/0000-0001-7131-8989,Luís Fernando Gomez Gonzalez,Masculino
orcid.org/0000-0001-7326-5032,Rafael Stubs Parpinelli,Masculino
orcid.org/0000-0001-7462-6207,Mauricio Resende,Masculino
orcid.org/0000-0001-7953-6227,Flavio Elias de Deus,Masculino
orcid.org/0000-0001-8024-8628,Pedro Otavio de Campos-Lima,Masculino
orcid.org/0000-0001-8065-1433,Renata Wassermann,Feminino
orcid.org/0000-0001-8556-6473,Roseli de Deus Lopes,Feminino
orcid.org/0000-0001-9034-5173,Ricardo Ehlers,Masculino
orcid.org/0000-0001-9383-4546,Stefan  Irnich,Masculino
orcid.org/0000-0001-9665-2238,Tiago Barros,Masculino
orcid.org/0000-0002-0023-1971,Ramon Pires,Masculino
orcid.org/0000-0002-0281-8952,Rita Cristina Galarraga Berardi,Feminino
orcid.org/0000-0002-1743-8004,Vanderlei Bonato,Masculino
orcid.org/0000-0002-2635-0522,Marco Lübbecke,Masculino
orcid.org/0000-0002-3831-5230,Lúcia Drummond,Feminino
orcid.org/0000-0002-4034-0021,Marcelo Rocha,Masculino
orcid.org/0000-0002-5100-7443,Plinio Thomaz Aquino Junior,Masculino
orcid.org/0000-0002-5184-9413,Diego Furtado Silva,Masculino
orcid.org/0000-0002-5662-6593,Isaac Jesus da Silva,Masculino
orcid.org/0000-0002-7100-870X,Washington Alves de Oliveira,Masculino
orcid.org/0000-0002-7271-2774,Paulo Mazzoncini de Azevedo Marques,Masculino
orcid.org/0000-0002-7735-5630,Luiz M. G. Gonçalves,Masculino
orcid.org/0000-0002-8156-7302,Marcos Drumond Jr,Masculino
orcid.org/0000-0002-8922-6975,Leticia M. Peres,Feminino
orcid.org/0000-0002-8923-2814,Paulo Meirelles,Masculino
orcid.org/0000-0002-8980-6208,Felipe M. G. França,Masculino
orcid.org/0000-0002-9232-2263,carlos correa,Masculino
orcid.org/0000-0003-0000-6990,Luerbio Faria,Masculino
orcid.org/0000-0003-1927-0142,Sergio Augusto Cunha,Masculino
orcid.org/0000-0003-2419-6979,Hugo E. Hernandez-Figueroa,Masculino
orcid.org/0000-0003-3355-3966,Diego Addan Gonçalves,Masculino
orcid.org/0000-0003-3425-0481,Veruska Zamborlini,Feminino
orcid.org/0000-0003-4655-8934,Daniella Moura,Feminino